Id,Nombre,Descripcion,Activo,FechaAlta,UsuarioAltaId
1,Familiar,Conflictos relacionados con el trabajo y empleos.,True,2025-12-19 11:21:54,
2,Familiar,Disputas entre consumidores y proveedores.,True,2026-04-22 18:30:49,239.0
3,Penal,Disputas entre consumidores y proveedores.,True,2026-01-16 03:58:45,829.0
4,Comercial,Disputas entre consumidores y proveedores.,False,2025-11-15 10:26:49,981.0
5,Familiar,Disputas entre miembros de la familia.,False,2025-10-26 15:13:08,353.0
6,Laboral,Problemas ambientales y ecológicos.,False,2025-08-07 14:36:38,81.0
7,Administrativo,Asuntos penales y delitos.,False,2025-05-13 16:33:20,234.0
8,Familiar,Asuntos penales y delitos.,False,2026-03-18 06:18:33,651.0
9,Comercial,Conflictos con entidades administrativas.,True,2025-11-08 11:53:45,719.0
10,Comercial,Asuntos penales y delitos.,True,2026-02-14 04:11:45,948.0
11,Administrativo,Conflictos relacionados con el trabajo y empleos.,False,2026-01-11 16:44:42,411.0
12,Familiar,Asuntos penales y delitos.,False,2025-07-21 20:15:49,672.0
13,Consumidor,Problemas ambientales y ecológicos.,False,2026-02-24 10:27:47,763.0
14,Consumidor,Disputas entre consumidores y proveedores.,True,2025-11-04 11:27:30,506.0
15,Laboral,Disputas entre miembros de la familia.,False,2026-02-18 22:25:12,697.0
16,Familiar,Disputas entre consumidores y proveedores.,True,2025-10-24 23:06:29,258.0
17,Familiar,Litigios civiles generales.,True,2025-06-14 08:28:44,446.0
18,Ambiental,Conflictos relacionados con el trabajo y empleos.,True,2025-12-25 01:47:51,520.0
19,Civil,Asuntos penales y delitos.,True,2026-02-19 06:47:52,553.0
20,Administrativo,Problemas ambientales y ecológicos.,False,2026-04-29 14:36:39,900.0
21,Penal,Conflictos relacionados con el trabajo y empleos.,False,2026-01-05 00:30:57,750.0
22,Familiar,Problemas en transacciones comerciales.,False,2026-03-03 21:05:27,170.0
23,Consumidor,Asuntos penales y delitos.,False,2025-08-04 18:51:50,731.0
24,Consumidor,Conflictos con entidades administrativas.,True,2025-09-26 02:07:55,254.0
25,Familiar,Conflictos con entidades administrativas.,True,2026-04-28 00:00:48,603.0
26,Laboral,Disputas entre miembros de la familia.,True,2025-05-10 22:32:48,70.0
27,Administrativo,Disputas entre miembros de la familia.,True,2025-08-18 11:18:20,498.0
28,Comercial,Problemas ambientales y ecológicos.,True,2026-01-04 02:44:36,195.0
29,Familiar,Disputas entre consumidores y proveedores.,True,2025-11-08 05:09:33,885.0
30,Familiar,Conflictos relacionados con el trabajo y empleos.,True,2025-10-13 19:14:11,883.0
31,Penal,Asuntos penales y delitos.,True,2026-01-31 01:07:54,433.0
32,Civil,Problemas ambientales y ecológicos.,True,2026-01-01 16:07:11,883.0
33,Laboral,Conflictos relacionados con el trabajo y empleos.,False,2026-03-22 11:25:36,498.0
34,Penal,Disputas entre consumidores y proveedores.,False,2026-04-08 13:12:02,400.0
35,Ambiental,Litigios civiles generales.,False,2025-10-03 19:49:12,570.0
36,Comercial,Asuntos penales y delitos.,True,2025-12-08 12:32:25,754.0
37,Administrativo,Conflictos relacionados con el trabajo y empleos.,True,2026-04-13 00:05:30,942.0
38,Laboral,Disputas entre miembros de la familia.,True,2026-02-02 15:57:58,692.0
39,Consumidor,Disputas entre miembros de la familia.,True,2025-07-21 10:58:24,41.0
40,Consumidor,Conflictos con entidades administrativas.,True,2025-12-26 11:53:17,322.0
41,Civil,Disputas entre consumidores y proveedores.,False,2026-03-01 20:54:43,469.0
42,Familiar,Conflictos relacionados con el trabajo y empleos.,True,2025-09-15 22:59:56,76.0
43,Civil,Problemas en transacciones comerciales.,False,2025-11-11 15:39:47,379.0
44,Comercial,Problemas ambientales y ecológicos.,True,2025-08-02 20:16:23,827.0
45,Civil,Disputas entre miembros de la familia.,True,2026-03-01 10:28:06,110.0
46,Civil,Litigios civiles generales.,False,2025-07-03 11:50:41,209.0
47,Ambiental,Litigios civiles generales.,False,2026-04-12 15:55:35,850.0
48,Laboral,Conflictos relacionados con el trabajo y empleos.,False,2025-11-19 13:55:46,166.0
49,Consumidor,Conflictos relacionados con el trabajo y empleos.,True,2026-03-12 15:39:18,926.0
50,Laboral,Conflictos con entidades administrativas.,True,2025-07-14 01:26:35,131.0
51,Civil,Conflictos con entidades administrativas.,True,2026-04-18 07:22:19,256.0
52,Administrativo,Disputas entre consumidores y proveedores.,True,2025-06-24 19:26:03,953.0
53,Comercial,Problemas en transacciones comerciales.,False,2025-10-09 18:24:15,947.0
54,Consumidor,Asuntos penales y delitos.,False,2025-12-23 12:45:18,111.0
55,Laboral,Problemas ambientales y ecológicos.,False,2026-01-15 11:43:04,472.0
56,Civil,Asuntos penales y delitos.,False,2026-01-14 17:53:50,409.0
57,Civil,Disputas entre miembros de la familia.,False,2025-12-17 06:54:30,410.0
58,Laboral,Disputas entre miembros de la familia.,True,2025-12-26 12:58:46,40.0
59,Consumidor,Conflictos con entidades administrativas.,False,2025-11-29 04:57:30,119.0
60,Penal,Litigios civiles generales.,True,2026-04-15 20:09:02,533.0
61,Administrativo,Disputas entre consumidores y proveedores.,False,2026-04-02 20:37:41,639.0
62,Familiar,Litigios civiles generales.,False,2025-08-22 08:53:36,335.0
63,Civil,Problemas en transacciones comerciales.,True,2026-01-30 04:53:38,694.0
64,Civil,Disputas entre consumidores y proveedores.,False,2025-08-01 18:16:44,216.0
65,Administrativo,Problemas ambientales y ecológicos.,False,2025-09-24 03:52:49,524.0
66,Comercial,Disputas entre miembros de la familia.,False,2025-12-14 01:53:22,635.0
67,Familiar,Asuntos penales y delitos.,True,2025-05-29 09:21:11,204.0
68,Laboral,Conflictos relacionados con el trabajo y empleos.,True,2026-01-03 02:56:08,787.0
69,Ambiental,Disputas entre consumidores y proveedores.,False,2025-06-20 00:23:17,714.0
70,Ambiental,Disputas entre consumidores y proveedores.,True,2026-01-04 13:54:18,6.0
71,Consumidor,Asuntos penales y delitos.,True,2026-02-06 20:02:33,52.0
72,Familiar,Problemas ambientales y ecológicos.,False,2026-03-01 03:53:29,573.0
73,Ambiental,Disputas entre consumidores y proveedores.,False,2025-08-01 03:38:52,762.0
74,Ambiental,Litigios civiles generales.,False,2026-01-01 22:18:13,797.0
75,Penal,Litigios civiles generales.,False,2025-09-25 15:50:44,241.0
76,Administrativo,Conflictos con entidades administrativas.,False,2025-08-05 16:27:53,237.0
77,Comercial,Asuntos penales y delitos.,False,2026-04-06 05:09:41,556.0
78,Consumidor,Conflictos relacionados con el trabajo y empleos.,True,2026-01-23 05:11:05,789.0
79,Consumidor,Problemas ambientales y ecológicos.,False,2026-05-05 07:16:14,400.0
80,Penal,Problemas ambientales y ecológicos.,False,2026-01-16 10:08:31,30.0
81,Administrativo,Disputas entre consumidores y proveedores.,True,2026-02-13 03:37:54,638.0
82,Consumidor,Conflictos relacionados con el trabajo y empleos.,False,2026-03-26 22:08:54,888.0
83,Comercial,Conflictos relacionados con el trabajo y empleos.,False,2025-12-26 06:15:49,466.0
84,Administrativo,Disputas entre consumidores y proveedores.,True,2025-12-17 05:19:09,61.0
85,Laboral,Conflictos con entidades administrativas.,True,2026-01-13 22:31:13,981.0
86,Laboral,Asuntos penales y delitos.,True,2026-01-26 17:56:53,245.0
87,Ambiental,Disputas entre miembros de la familia.,False,2025-07-24 12:06:18,263.0
88,Comercial,Disputas entre miembros de la familia.,False,2026-02-14 09:29:25,27.0
89,Consumidor,Disputas entre consumidores y proveedores.,True,2026-01-27 15:58:18,851.0
90,Familiar,Litigios civiles generales.,True,2025-05-22 22:44:55,816.0
91,Administrativo,Disputas entre consumidores y proveedores.,False,2025-06-04 07:31:30,664.0
92,Laboral,Disputas entre consumidores y proveedores.,False,2025-08-31 15:08:39,651.0
93,Comercial,Disputas entre consumidores y proveedores.,False,2026-02-06 19:02:21,277.0
94,Ambiental,Disputas entre consumidores y proveedores.,True,2025-07-09 10:15:08,252.0
95,Civil,Problemas ambientales y ecológicos.,False,2026-01-04 03:59:23,685.0
96,Administrativo,Conflictos relacionados con el trabajo y empleos.,False,2025-08-28 08:24:31,218.0
97,Civil,Conflictos con entidades administrativas.,True,2025-12-15 22:51:06,283.0
98,Penal,Disputas entre miembros de la familia.,True,2026-01-04 19:09:31,569.0
99,Ambiental,Problemas ambientales y ecológicos.,False,2025-09-21 18:30:44,227.0
100,Penal,Litigios civiles generales.,False,2025-06-03 00:12:32,567.0
101,Consumidor,Conflictos con entidades administrativas.,False,2025-11-08 20:06:45,314.0
102,Penal,Disputas entre miembros de la familia.,True,2026-01-30 08:28:15,549.0
103,Penal,Asuntos penales y delitos.,False,2025-09-03 09:49:25,779.0
104,Familiar,Asuntos penales y delitos.,True,2025-12-08 11:12:51,310.0
105,Comercial,Litigios civiles generales.,True,2026-04-15 17:00:44,715.0
106,Ambiental,Disputas entre miembros de la familia.,False,2026-05-02 00:17:32,491.0
107,Administrativo,Problemas en transacciones comerciales.,True,2026-04-12 09:40:32,117.0
108,Consumidor,Problemas ambientales y ecológicos.,True,2026-03-31 23:55:19,55.0
109,Comercial,Litigios civiles generales.,False,2026-03-26 11:28:27,783.0
110,Penal,Disputas entre consumidores y proveedores.,False,2025-09-20 04:16:07,603.0
111,Civil,Conflictos relacionados con el trabajo y empleos.,True,2025-06-29 19:29:14,213.0
112,Civil,Disputas entre miembros de la familia.,True,2026-02-17 11:24:27,77.0
113,Laboral,Disputas entre consumidores y proveedores.,True,2025-09-19 19:57:32,299.0
114,Penal,Litigios civiles generales.,True,2025-05-12 08:51:07,465.0
115,Penal,Litigios civiles generales.,True,2025-06-21 23:53:11,957.0
116,Consumidor,Disputas entre miembros de la familia.,False,2025-08-03 10:54:53,931.0
117,Comercial,Disputas entre miembros de la familia.,False,2026-04-08 12:45:43,610.0
118,Ambiental,Disputas entre miembros de la familia.,False,2025-09-10 20:16:18,413.0
119,Ambiental,Problemas ambientales y ecológicos.,False,2026-03-27 23:33:06,443.0
120,Civil,Conflictos relacionados con el trabajo y empleos.,True,2026-03-23 10:52:09,882.0
121,Civil,Conflictos relacionados con el trabajo y empleos.,False,2026-02-08 03:02:21,453.0
122,Comercial,Disputas entre consumidores y proveedores.,False,2025-06-17 03:30:32,357.0
123,Administrativo,Conflictos con entidades administrativas.,False,2025-05-30 14:41:52,338.0
124,Ambiental,Litigios civiles generales.,True,2025-06-03 05:43:14,564.0
125,Ambiental,Disputas entre miembros de la familia.,False,2025-11-28 10:15:55,994.0
126,Laboral,Problemas ambientales y ecológicos.,False,2025-10-09 17:23:29,371.0
127,Ambiental,Conflictos relacionados con el trabajo y empleos.,False,2026-01-24 10:00:54,950.0
128,Ambiental,Problemas ambientales y ecológicos.,True,2026-03-07 17:55:24,819.0
129,Comercial,Litigios civiles generales.,True,2025-07-30 18:00:36,96.0
130,Familiar,Problemas ambientales y ecológicos.,False,2026-03-08 21:42:53,511.0
131,Civil,Disputas entre consumidores y proveedores.,True,2025-09-03 03:20:33,565.0
132,Consumidor,Asuntos penales y delitos.,True,2025-07-06 01:48:06,140.0
133,Civil,Disputas entre consumidores y proveedores.,False,2025-11-15 02:18:10,3.0
134,Civil,Problemas ambientales y ecológicos.,False,2026-02-21 04:01:32,354.0
135,Consumidor,Problemas ambientales y ecológicos.,False,2025-11-25 11:51:47,586.0
136,Penal,Disputas entre consumidores y proveedores.,False,2026-04-16 07:48:32,723.0
137,Consumidor,Problemas en transacciones comerciales.,False,2025-08-28 17:27:30,989.0
138,Familiar,Problemas ambientales y ecológicos.,True,2026-03-18 01:37:33,16.0
139,Consumidor,Problemas en transacciones comerciales.,False,2026-03-31 02:45:46,347.0
140,Familiar,Conflictos con entidades administrativas.,False,2025-05-28 01:11:42,642.0
141,Laboral,Disputas entre miembros de la familia.,True,2026-01-07 21:52:04,295.0
142,Familiar,Disputas entre consumidores y proveedores.,False,2026-03-18 21:50:07,103.0
143,Comercial,Litigios civiles generales.,False,2026-04-24 17:15:12,58.0
144,Administrativo,Conflictos con entidades administrativas.,True,2025-09-30 14:20:29,422.0
145,Comercial,Problemas en transacciones comerciales.,True,2026-03-28 22:40:38,635.0
146,Ambiental,Problemas en transacciones comerciales.,False,2026-01-10 03:55:46,471.0
147,Laboral,Problemas ambientales y ecológicos.,False,2025-12-11 21:01:52,76.0
148,Administrativo,Litigios civiles generales.,False,2025-06-15 04:51:46,468.0
149,Penal,Disputas entre consumidores y proveedores.,False,2025-09-03 15:20:38,586.0
150,Civil,Litigios civiles generales.,True,2026-04-26 21:10:45,9.0
151,Ambiental,Litigios civiles generales.,True,2026-01-10 22:44:40,225.0
152,Civil,Problemas en transacciones comerciales.,True,2025-06-21 14:38:22,662.0
153,Civil,Problemas ambientales y ecológicos.,True,2026-04-21 00:12:16,135.0
154,Civil,Conflictos con entidades administrativas.,False,2025-10-08 13:23:54,806.0
155,Civil,Problemas en transacciones comerciales.,False,2025-12-28 02:44:44,765.0
156,Familiar,Problemas ambientales y ecológicos.,False,2026-03-31 13:47:48,881.0
157,Administrativo,Disputas entre miembros de la familia.,False,2025-10-18 18:19:28,127.0
158,Administrativo,Litigios civiles generales.,False,2025-07-13 05:43:22,963.0
159,Familiar,Asuntos penales y delitos.,False,2025-09-09 17:56:06,966.0
160,Penal,Disputas entre miembros de la familia.,False,2025-06-17 03:37:18,310.0
161,Familiar,Problemas en transacciones comerciales.,True,2026-04-15 17:16:31,119.0
162,Penal,Problemas en transacciones comerciales.,False,2025-10-22 04:12:20,973.0
163,Comercial,Disputas entre consumidores y proveedores.,False,2025-06-07 14:42:31,631.0
164,Civil,Conflictos relacionados con el trabajo y empleos.,True,2025-05-20 07:22:34,456.0
165,Administrativo,Disputas entre miembros de la familia.,False,2025-05-22 07:01:05,661.0
166,Laboral,Disputas entre consumidores y proveedores.,False,2025-12-18 12:28:08,844.0
167,Familiar,Asuntos penales y delitos.,False,2025-06-13 21:58:01,52.0
168,Penal,Problemas en transacciones comerciales.,True,2025-07-23 12:31:09,784.0
169,Penal,Asuntos penales y delitos.,True,2025-11-21 13:45:05,611.0
170,Civil,Problemas en transacciones comerciales.,True,2026-03-03 01:19:11,179.0
171,Laboral,Problemas en transacciones comerciales.,False,2026-05-01 06:45:12,244.0
172,Laboral,Problemas en transacciones comerciales.,True,2025-12-24 17:27:15,432.0
173,Familiar,Problemas ambientales y ecológicos.,False,2025-09-21 07:03:25,112.0
174,Penal,Conflictos relacionados con el trabajo y empleos.,True,2025-06-05 02:16:33,659.0
175,Laboral,Problemas ambientales y ecológicos.,False,2025-10-15 04:52:56,503.0
176,Familiar,Disputas entre miembros de la familia.,False,2025-11-24 23:26:58,130.0
177,Administrativo,Disputas entre consumidores y proveedores.,False,2025-07-07 02:17:33,518.0
178,Familiar,Disputas entre miembros de la familia.,True,2025-06-06 21:39:13,565.0
179,Consumidor,Problemas ambientales y ecológicos.,False,2026-01-12 05:14:10,465.0
180,Consumidor,Disputas entre miembros de la familia.,False,2025-11-29 05:15:20,262.0
181,Comercial,Problemas ambientales y ecológicos.,False,2026-04-04 15:42:57,96.0
182,Familiar,Conflictos con entidades administrativas.,False,2026-03-03 01:32:25,980.0
183,Familiar,Disputas entre consumidores y proveedores.,True,2025-11-07 20:47:35,889.0
184,Civil,Litigios civiles generales.,True,2025-11-09 14:59:30,218.0
185,Ambiental,Asuntos penales y delitos.,True,2026-03-14 06:41:27,377.0
186,Civil,Asuntos penales y delitos.,True,2025-10-01 00:46:10,637.0
187,Civil,Conflictos relacionados con el trabajo y empleos.,False,2026-02-05 09:51:14,317.0
188,Administrativo,Conflictos relacionados con el trabajo y empleos.,True,2026-02-05 13:59:20,411.0
189,Comercial,Conflictos relacionados con el trabajo y empleos.,False,2026-03-22 19:02:49,386.0
190,Ambiental,Conflictos con entidades administrativas.,True,2026-02-17 07:16:16,333.0
191,Laboral,Problemas en transacciones comerciales.,False,2026-02-16 23:32:19,84.0
192,Ambiental,Disputas entre consumidores y proveedores.,True,2025-09-01 23:07:36,280.0
193,Familiar,Conflictos con entidades administrativas.,False,2025-09-30 15:17:19,695.0
194,Civil,Conflictos relacionados con el trabajo y empleos.,True,2026-01-16 05:57:59,8.0
195,Civil,Asuntos penales y delitos.,True,2026-02-27 10:17:42,123.0
196,Ambiental,Disputas entre consumidores y proveedores.,True,2026-02-08 14:11:28,721.0
197,Administrativo,Disputas entre miembros de la familia.,False,2025-10-16 19:33:35,20.0
198,Familiar,Conflictos con entidades administrativas.,False,2025-07-18 04:59:37,727.0
199,Civil,Disputas entre miembros de la familia.,False,2025-10-13 18:15:52,821.0
200,Administrativo,Disputas entre miembros de la familia.,False,2025-09-27 15:20:35,604.0
201,Familiar,Disputas entre consumidores y proveedores.,True,2025-11-30 19:14:48,342.0
202,Familiar,Disputas entre miembros de la familia.,False,2025-08-10 02:23:05,795.0
203,Administrativo,Problemas en transacciones comerciales.,True,2026-01-08 15:26:46,45.0
204,Familiar,Problemas en transacciones comerciales.,False,2025-06-21 03:06:14,578.0
205,Administrativo,Conflictos con entidades administrativas.,False,2026-02-20 04:31:32,453.0
206,Civil,Conflictos relacionados con el trabajo y empleos.,False,2025-11-09 02:31:43,473.0
207,Laboral,Conflictos relacionados con el trabajo y empleos.,True,2025-11-01 09:31:21,885.0
208,Consumidor,Problemas ambientales y ecológicos.,True,2025-07-15 00:45:15,918.0
209,Ambiental,Asuntos penales y delitos.,True,2025-11-24 23:05:30,155.0
210,Ambiental,Disputas entre miembros de la familia.,True,2025-11-13 20:30:30,662.0
211,Laboral,Asuntos penales y delitos.,True,2025-05-11 04:07:29,536.0
212,Administrativo,Conflictos con entidades administrativas.,True,2025-12-15 06:09:13,347.0
213,Administrativo,Disputas entre miembros de la familia.,False,2025-11-21 15:00:19,396.0
214,Civil,Problemas en transacciones comerciales.,False,2025-11-19 15:58:20,145.0
215,Civil,Disputas entre consumidores y proveedores.,False,2026-03-02 22:50:57,318.0
216,Administrativo,Problemas en transacciones comerciales.,True,2025-05-29 19:42:15,702.0
217,Consumidor,Conflictos con entidades administrativas.,True,2026-04-29 07:16:51,974.0
218,Administrativo,Problemas ambientales y ecológicos.,False,2026-01-30 11:27:53,80.0
219,Familiar,Conflictos relacionados con el trabajo y empleos.,True,2025-06-04 07:39:13,633.0
220,Consumidor,Problemas en transacciones comerciales.,True,2026-02-14 12:42:18,790.0
221,Ambiental,Conflictos relacionados con el trabajo y empleos.,False,2025-10-10 06:52:16,244.0
222,Civil,Problemas ambientales y ecológicos.,False,2026-01-09 01:20:43,989.0
223,Penal,Conflictos con entidades administrativas.,False,2025-05-26 00:07:33,788.0
224,Consumidor,Disputas entre consumidores y proveedores.,False,2026-02-15 11:44:24,142.0
225,Laboral,Problemas ambientales y ecológicos.,True,2025-10-30 00:36:56,729.0
226,Civil,Disputas entre miembros de la familia.,True,2026-02-15 10:07:05,526.0
227,Consumidor,Disputas entre miembros de la familia.,True,2026-01-15 03:39:40,953.0
228,Consumidor,Conflictos relacionados con el trabajo y empleos.,True,2025-10-18 02:12:47,396.0
229,Administrativo,Asuntos penales y delitos.,False,2026-04-24 07:36:56,860.0
230,Comercial,Problemas en transacciones comerciales.,True,2026-04-19 08:37:09,484.0
231,Ambiental,Problemas ambientales y ecológicos.,False,2025-06-27 17:38:57,20.0
232,Penal,Problemas en transacciones comerciales.,True,2025-07-31 18:57:29,434.0
233,Civil,Asuntos penales y delitos.,False,2025-12-05 15:32:47,430.0
234,Familiar,Disputas entre miembros de la familia.,True,2025-08-25 23:02:01,648.0
235,Comercial,Litigios civiles generales.,False,2025-10-01 17:56:40,247.0
236,Comercial,Disputas entre miembros de la familia.,True,2025-08-13 07:31:29,558.0
237,Consumidor,Problemas ambientales y ecológicos.,True,2026-04-15 22:11:39,260.0
238,Administrativo,Disputas entre miembros de la familia.,True,2025-11-13 10:49:20,644.0
239,Administrativo,Problemas en transacciones comerciales.,True,2026-04-16 07:01:41,834.0
240,Ambiental,Problemas ambientales y ecológicos.,False,2025-06-19 12:44:54,65.0
241,Laboral,Litigios civiles generales.,True,2026-01-25 16:45:50,908.0
242,Administrativo,Litigios civiles generales.,False,2025-08-18 05:43:28,485.0
243,Laboral,Asuntos penales y delitos.,False,2025-12-13 06:40:13,49.0
244,Civil,Disputas entre miembros de la familia.,False,2025-11-01 04:39:37,762.0
245,Consumidor,Conflictos con entidades administrativas.,False,2026-02-02 02:51:31,377.0
246,Familiar,Disputas entre consumidores y proveedores.,False,2026-03-29 04:57:10,185.0
247,Administrativo,Disputas entre miembros de la familia.,False,2026-03-29 07:53:44,314.0
248,Consumidor,Problemas en transacciones comerciales.,False,2025-05-20 04:13:34,44.0
249,Consumidor,Litigios civiles generales.,False,2025-06-15 17:31:20,653.0
250,Administrativo,Problemas en transacciones comerciales.,False,2026-04-23 13:41:24,695.0
251,Laboral,Problemas en transacciones comerciales.,False,2026-04-04 10:46:21,376.0
252,Consumidor,Conflictos relacionados con el trabajo y empleos.,False,2025-07-03 13:52:34,972.0
253,Administrativo,Problemas ambientales y ecológicos.,False,2026-03-30 00:27:29,376.0
254,Administrativo,Litigios civiles generales.,False,2026-01-01 15:34:15,191.0
255,Consumidor,Disputas entre miembros de la familia.,False,2025-12-25 09:50:34,220.0
256,Ambiental,Asuntos penales y delitos.,True,2026-03-07 13:41:58,463.0
257,Ambiental,Disputas entre miembros de la familia.,True,2025-05-24 07:53:40,727.0
258,Civil,Litigios civiles generales.,True,2026-02-16 19:50:03,718.0
259,Administrativo,Asuntos penales y delitos.,False,2026-03-07 11:45:54,243.0
260,Laboral,Conflictos con entidades administrativas.,True,2025-07-29 00:12:33,823.0
261,Familiar,Disputas entre miembros de la familia.,False,2025-12-01 05:50:16,491.0
262,Consumidor,Disputas entre miembros de la familia.,False,2026-03-05 07:54:58,461.0
263,Administrativo,Problemas en transacciones comerciales.,True,2025-07-29 21:58:51,787.0
264,Consumidor,Conflictos relacionados con el trabajo y empleos.,True,2026-03-06 02:26:43,169.0
265,Administrativo,Asuntos penales y delitos.,True,2025-11-12 01:38:44,867.0
266,Civil,Asuntos penales y delitos.,False,2025-06-17 01:18:54,641.0
267,Familiar,Problemas en transacciones comerciales.,False,2025-07-09 00:26:52,675.0
268,Laboral,Conflictos relacionados con el trabajo y empleos.,False,2026-03-28 16:54:13,591.0
269,Penal,Disputas entre consumidores y proveedores.,False,2025-06-25 22:34:31,911.0
270,Civil,Problemas ambientales y ecológicos.,True,2026-01-02 21:10:43,465.0
271,Laboral,Problemas en transacciones comerciales.,False,2025-09-25 05:05:33,209.0
272,Comercial,Conflictos con entidades administrativas.,False,2025-11-25 18:40:40,999.0
273,Comercial,Conflictos con entidades administrativas.,False,2025-08-18 01:29:42,248.0
274,Familiar,Litigios civiles generales.,False,2025-09-20 11:26:56,52.0
275,Consumidor,Disputas entre consumidores y proveedores.,False,2026-01-01 12:43:42,957.0
276,Penal,Problemas en transacciones comerciales.,False,2025-08-26 02:06:31,901.0
277,Ambiental,Conflictos relacionados con el trabajo y empleos.,True,2026-03-23 06:03:33,990.0
278,Penal,Conflictos con entidades administrativas.,False,2026-04-14 17:17:31,612.0
279,Civil,Conflictos relacionados con el trabajo y empleos.,False,2026-03-14 05:27:06,271.0
280,Consumidor,Conflictos con entidades administrativas.,True,2026-04-15 06:32:26,576.0
281,Administrativo,Litigios civiles generales.,False,2026-04-01 06:03:34,783.0
282,Familiar,Problemas en transacciones comerciales.,False,2026-03-20 06:12:12,348.0
283,Comercial,Asuntos penales y delitos.,True,2025-07-04 02:10:30,42.0
284,Laboral,Problemas en transacciones comerciales.,False,2025-05-08 07:44:32,532.0
285,Comercial,Problemas en transacciones comerciales.,False,2025-11-21 23:15:52,403.0
286,Administrativo,Problemas ambientales y ecológicos.,True,2025-05-11 00:16:32,836.0
287,Administrativo,Conflictos con entidades administrativas.,True,2025-05-29 15:09:25,316.0
288,Ambiental,Litigios civiles generales.,True,2025-06-06 23:59:48,739.0
289,Ambiental,Problemas en transacciones comerciales.,False,2025-08-12 21:49:23,794.0
290,Comercial,Asuntos penales y delitos.,True,2026-04-21 23:51:55,196.0
291,Ambiental,Conflictos con entidades administrativas.,False,2025-10-06 14:09:18,209.0
292,Ambiental,Conflictos relacionados con el trabajo y empleos.,False,2025-05-12 14:02:49,575.0
293,Ambiental,Disputas entre consumidores y proveedores.,False,2025-11-29 13:06:04,546.0
294,Administrativo,Litigios civiles generales.,False,2025-06-30 03:23:47,286.0
295,Penal,Litigios civiles generales.,False,2025-12-11 20:22:18,722.0
296,Administrativo,Problemas ambientales y ecológicos.,False,2025-11-11 00:36:03,815.0
297,Civil,Disputas entre miembros de la familia.,False,2025-07-18 21:01:38,918.0
298,Administrativo,Problemas en transacciones comerciales.,False,2025-12-11 17:17:17,81.0
299,Ambiental,Litigios civiles generales.,False,2025-09-05 12:23:10,552.0
300,Civil,Problemas en transacciones comerciales.,True,2026-03-13 22:48:25,246.0
301,Laboral,Asuntos penales y delitos.,False,2025-06-16 11:32:56,424.0
302,Ambiental,Disputas entre miembros de la familia.,True,2025-05-25 14:35:27,952.0
303,Consumidor,Problemas ambientales y ecológicos.,False,2025-09-05 22:23:14,988.0
304,Administrativo,Litigios civiles generales.,True,2025-06-12 16:37:13,92.0
305,Laboral,Problemas en transacciones comerciales.,False,2025-10-07 12:36:04,38.0
306,Ambiental,Problemas en transacciones comerciales.,True,2025-12-11 17:35:43,582.0
307,Administrativo,Litigios civiles generales.,True,2025-09-17 22:01:29,506.0
308,Ambiental,Litigios civiles generales.,False,2026-01-30 15:14:52,749.0
309,Civil,Problemas en transacciones comerciales.,True,2026-04-30 19:14:12,303.0
310,Comercial,Disputas entre consumidores y proveedores.,True,2025-10-02 02:15:57,411.0
311,Comercial,Problemas en transacciones comerciales.,False,2025-09-06 07:36:47,7.0
312,Consumidor,Asuntos penales y delitos.,True,2025-09-22 10:14:43,597.0
313,Civil,Conflictos con entidades administrativas.,False,2025-05-19 11:32:20,122.0
314,Civil,Problemas en transacciones comerciales.,False,2025-10-12 21:03:03,917.0
315,Familiar,Litigios civiles generales.,True,2025-10-31 23:21:48,981.0
316,Ambiental,Problemas en transacciones comerciales.,False,2025-09-17 18:57:39,426.0
317,Penal,Asuntos penales y delitos.,False,2025-05-24 22:40:12,84.0
318,Administrativo,Disputas entre miembros de la familia.,True,2025-07-24 15:32:09,561.0
319,Comercial,Problemas en transacciones comerciales.,True,2025-11-22 02:07:55,697.0
320,Ambiental,Disputas entre miembros de la familia.,True,2025-08-20 03:44:59,465.0
321,Consumidor,Problemas ambientales y ecológicos.,False,2025-07-24 17:00:33,689.0
322,Laboral,Disputas entre consumidores y proveedores.,True,2025-12-29 17:48:49,593.0
323,Laboral,Disputas entre consumidores y proveedores.,True,2025-11-12 20:31:28,62.0
324,Ambiental,Conflictos relacionados con el trabajo y empleos.,False,2025-12-13 05:24:13,139.0
325,Administrativo,Disputas entre consumidores y proveedores.,True,2025-09-21 06:11:57,700.0
326,Administrativo,Disputas entre miembros de la familia.,True,2026-02-06 01:10:29,131.0
327,Laboral,Conflictos relacionados con el trabajo y empleos.,False,2025-12-07 03:52:16,558.0
328,Consumidor,Asuntos penales y delitos.,True,2026-01-02 04:13:53,283.0
329,Familiar,Conflictos relacionados con el trabajo y empleos.,True,2025-06-04 04:56:13,959.0
330,Penal,Asuntos penales y delitos.,True,2026-04-04 14:58:00,458.0
331,Penal,Conflictos relacionados con el trabajo y empleos.,True,2025-10-15 04:21:28,223.0
332,Comercial,Litigios civiles generales.,False,2026-01-08 18:59:42,592.0
333,Penal,Litigios civiles generales.,False,2026-02-23 21:02:48,424.0
334,Civil,Conflictos relacionados con el trabajo y empleos.,True,2025-07-26 23:39:15,934.0
335,Consumidor,Problemas ambientales y ecológicos.,False,2026-04-14 06:54:20,391.0
336,Consumidor,Disputas entre consumidores y proveedores.,False,2026-02-21 09:11:51,773.0
337,Penal,Asuntos penales y delitos.,True,2025-12-05 20:26:11,475.0
338,Consumidor,Disputas entre consumidores y proveedores.,False,2025-07-27 02:27:38,249.0
339,Penal,Conflictos con entidades administrativas.,False,2025-06-11 15:36:34,868.0
340,Familiar,Asuntos penales y delitos.,True,2026-04-12 10:11:19,620.0
341,Familiar,Asuntos penales y delitos.,False,2025-07-11 18:53:27,223.0
342,Penal,Conflictos con entidades administrativas.,True,2025-12-04 18:22:03,195.0
343,Ambiental,Asuntos penales y delitos.,True,2025-05-16 22:50:49,407.0
344,Administrativo,Litigios civiles generales.,False,2025-10-26 04:01:21,368.0
345,Civil,Conflictos con entidades administrativas.,False,2025-08-19 03:06:56,823.0
346,Administrativo,Asuntos penales y delitos.,True,2025-10-31 08:10:00,577.0
347,Comercial,Conflictos relacionados con el trabajo y empleos.,False,2025-12-26 00:36:25,594.0
348,Civil,Problemas en transacciones comerciales.,True,2026-01-28 08:21:38,584.0
349,Ambiental,Conflictos con entidades administrativas.,False,2025-12-28 02:49:21,758.0
350,Ambiental,Problemas en transacciones comerciales.,False,2025-11-09 13:27:16,560.0
351,Comercial,Conflictos relacionados con el trabajo y empleos.,True,2025-08-13 16:42:08,77.0
352,Laboral,Disputas entre consumidores y proveedores.,True,2026-02-26 22:21:58,725.0
353,Laboral,Asuntos penales y delitos.,False,2025-08-23 04:12:59,633.0
354,Ambiental,Conflictos relacionados con el trabajo y empleos.,True,2026-05-05 01:00:36,13.0
355,Civil,Litigios civiles generales.,False,2026-04-30 01:43:18,691.0
356,Comercial,Disputas entre miembros de la familia.,False,2026-03-20 02:26:47,197.0
357,Administrativo,Litigios civiles generales.,True,2025-10-17 16:12:37,471.0
358,Penal,Litigios civiles generales.,True,2025-05-23 15:54:08,666.0
359,Familiar,Disputas entre consumidores y proveedores.,True,2025-10-26 06:00:32,58.0
360,Comercial,Disputas entre miembros de la familia.,True,2025-08-26 04:54:12,340.0
361,Laboral,Asuntos penales y delitos.,False,2026-01-19 19:39:26,487.0
362,Laboral,Disputas entre miembros de la familia.,True,2025-05-23 09:38:28,578.0
363,Comercial,Conflictos con entidades administrativas.,False,2026-04-30 11:58:53,771.0
364,Familiar,Litigios civiles generales.,False,2026-02-14 00:20:26,855.0
365,Administrativo,Disputas entre consumidores y proveedores.,False,2026-02-25 19:49:57,513.0
366,Laboral,Disputas entre miembros de la familia.,False,2025-09-27 10:42:58,349.0
367,Administrativo,Conflictos relacionados con el trabajo y empleos.,True,2025-06-18 09:45:34,503.0
368,Administrativo,Disputas entre consumidores y proveedores.,False,2025-09-29 12:52:25,677.0
369,Familiar,Litigios civiles generales.,True,2026-01-01 20:31:57,275.0
370,Consumidor,Problemas en transacciones comerciales.,True,2025-10-21 08:12:56,94.0
371,Civil,Problemas ambientales y ecológicos.,True,2025-11-05 10:29:54,90.0
372,Consumidor,Problemas ambientales y ecológicos.,True,2025-07-27 01:03:36,106.0
373,Familiar,Conflictos con entidades administrativas.,False,2025-07-29 15:57:24,804.0
374,Consumidor,Conflictos relacionados con el trabajo y empleos.,True,2025-12-10 05:11:13,87.0
375,Comercial,Disputas entre consumidores y proveedores.,False,2026-02-11 14:18:43,275.0
376,Comercial,Disputas entre miembros de la familia.,False,2026-02-12 05:18:36,307.0
377,Familiar,Conflictos con entidades administrativas.,True,2025-12-31 10:49:22,508.0
378,Ambiental,Disputas entre miembros de la familia.,False,2026-02-28 09:35:37,341.0
379,Administrativo,Problemas ambientales y ecológicos.,True,2025-11-18 04:43:10,881.0
380,Civil,Conflictos con entidades administrativas.,True,2025-07-03 20:23:32,322.0
381,Consumidor,Conflictos con entidades administrativas.,True,2025-12-09 18:51:22,503.0
382,Administrativo,Disputas entre consumidores y proveedores.,True,2025-12-16 06:12:55,955.0
383,Comercial,Conflictos relacionados con el trabajo y empleos.,False,2025-09-13 20:22:34,817.0
384,Familiar,Disputas entre consumidores y proveedores.,True,2025-05-29 03:27:22,311.0
385,Civil,Problemas en transacciones comerciales.,False,2025-10-04 06:31:34,613.0
386,Consumidor,Disputas entre consumidores y proveedores.,True,2025-08-03 16:45:39,719.0
387,Familiar,Asuntos penales y delitos.,True,2025-06-05 21:13:52,663.0
388,Consumidor,Conflictos con entidades administrativas.,True,2025-09-30 15:35:56,265.0
389,Penal,Problemas ambientales y ecológicos.,True,2025-10-29 06:06:13,696.0
390,Administrativo,Conflictos relacionados con el trabajo y empleos.,True,2025-09-03 15:17:36,943.0
391,Familiar,Problemas en transacciones comerciales.,True,2025-11-11 09:14:33,804.0
392,Ambiental,Conflictos con entidades administrativas.,False,2025-09-07 15:07:16,714.0
393,Administrativo,Disputas entre miembros de la familia.,True,2025-12-06 16:44:17,118.0
394,Administrativo,Disputas entre miembros de la familia.,True,2025-05-27 12:36:15,250.0
395,Comercial,Conflictos con entidades administrativas.,False,2025-07-26 05:06:48,817.0
396,Comercial,Problemas en transacciones comerciales.,True,2025-06-14 21:08:37,30.0
397,Ambiental,Disputas entre consumidores y proveedores.,False,2025-10-21 17:50:49,211.0
398,Familiar,Disputas entre miembros de la familia.,False,2025-08-07 13:12:42,202.0
399,Familiar,Litigios civiles generales.,False,2025-05-30 03:02:22,321.0
400,Consumidor,Disputas entre miembros de la familia.,True,2025-11-11 06:41:33,633.0
401,Civil,Disputas entre miembros de la familia.,False,2025-05-29 14:15:55,245.0
402,Familiar,Problemas en transacciones comerciales.,False,2025-10-28 20:26:30,398.0
403,Comercial,Disputas entre consumidores y proveedores.,True,2025-10-04 13:04:22,551.0
404,Comercial,Problemas ambientales y ecológicos.,False,2025-12-12 14:24:42,863.0
405,Laboral,Conflictos con entidades administrativas.,False,2026-05-04 03:27:50,835.0
406,Ambiental,Disputas entre consumidores y proveedores.,False,2025-05-23 03:09:17,861.0
407,Ambiental,Problemas en transacciones comerciales.,True,2026-03-27 00:34:12,780.0
408,Civil,Conflictos relacionados con el trabajo y empleos.,False,2025-12-19 11:01:44,173.0
409,Ambiental,Disputas entre miembros de la familia.,False,2025-07-19 15:18:13,557.0
410,Laboral,Problemas ambientales y ecológicos.,True,2025-08-02 12:08:56,754.0
411,Civil,Conflictos relacionados con el trabajo y empleos.,True,2025-09-20 10:13:07,837.0
412,Ambiental,Disputas entre miembros de la familia.,False,2026-01-07 11:44:15,603.0
413,Consumidor,Problemas en transacciones comerciales.,True,2025-06-27 13:45:49,834.0
414,Laboral,Conflictos con entidades administrativas.,False,2025-08-09 09:57:28,173.0
415,Civil,Litigios civiles generales.,True,2025-07-19 09:41:30,922.0
416,Comercial,Disputas entre consumidores y proveedores.,True,2026-04-08 09:40:21,130.0
417,Penal,Problemas en transacciones comerciales.,False,2025-05-09 07:42:47,780.0
418,Ambiental,Problemas en transacciones comerciales.,False,2025-07-16 22:18:22,425.0
419,Ambiental,Disputas entre miembros de la familia.,False,2025-06-18 16:10:30,768.0
420,Administrativo,Problemas ambientales y ecológicos.,True,2025-09-01 07:59:02,890.0
421,Ambiental,Conflictos con entidades administrativas.,False,2026-04-06 01:10:49,992.0
422,Penal,Problemas ambientales y ecológicos.,True,2025-12-22 07:42:44,346.0
423,Ambiental,Conflictos con entidades administrativas.,False,2025-05-24 17:33:56,642.0
424,Laboral,Disputas entre miembros de la familia.,False,2026-02-17 04:07:02,982.0
425,Penal,Problemas en transacciones comerciales.,False,2025-06-10 09:25:07,956.0
426,Familiar,Conflictos con entidades administrativas.,True,2025-12-31 16:12:20,926.0
427,Laboral,Disputas entre consumidores y proveedores.,True,2025-06-22 08:49:18,774.0
428,Consumidor,Disputas entre miembros de la familia.,True,2025-05-13 15:35:49,489.0
429,Comercial,Asuntos penales y delitos.,False,2025-08-15 21:08:02,9.0
430,Familiar,Disputas entre consumidores y proveedores.,False,2025-05-18 14:05:58,235.0
431,Familiar,Disputas entre miembros de la familia.,True,2026-03-17 08:12:06,307.0
432,Consumidor,Problemas en transacciones comerciales.,True,2025-06-13 21:26:58,544.0
433,Comercial,Problemas ambientales y ecológicos.,True,2025-11-09 19:22:22,767.0
434,Consumidor,Problemas ambientales y ecológicos.,True,2026-01-17 15:38:56,144.0
435,Consumidor,Conflictos con entidades administrativas.,False,2025-10-01 07:45:54,254.0
436,Familiar,Asuntos penales y delitos.,False,2025-07-28 22:57:16,623.0
437,Laboral,Litigios civiles generales.,False,2026-01-23 01:57:30,194.0
438,Civil,Conflictos relacionados con el trabajo y empleos.,False,2026-01-06 03:11:55,247.0
439,Familiar,Conflictos relacionados con el trabajo y empleos.,False,2025-11-05 08:27:38,882.0
440,Administrativo,Problemas en transacciones comerciales.,True,2025-09-09 16:34:25,70.0
441,Civil,Asuntos penales y delitos.,False,2026-04-18 16:45:37,519.0
442,Consumidor,Disputas entre consumidores y proveedores.,True,2025-05-14 06:30:22,550.0
443,Civil,Disputas entre miembros de la familia.,True,2025-12-01 16:03:04,209.0
444,Administrativo,Disputas entre consumidores y proveedores.,True,2025-07-11 21:47:09,666.0
445,Civil,Disputas entre consumidores y proveedores.,False,2026-01-06 17:20:57,947.0
446,Familiar,Problemas ambientales y ecológicos.,True,2025-06-28 23:32:43,683.0
447,Familiar,Conflictos relacionados con el trabajo y empleos.,False,2025-05-11 13:52:02,168.0
448,Administrativo,Litigios civiles generales.,False,2026-02-12 07:27:15,800.0
449,Familiar,Conflictos relacionados con el trabajo y empleos.,False,2025-11-18 05:18:29,66.0
450,Familiar,Problemas ambientales y ecológicos.,True,2025-09-17 02:12:59,512.0
451,Administrativo,Problemas en transacciones comerciales.,True,2025-12-29 14:38:26,691.0
452,Penal,Conflictos relacionados con el trabajo y empleos.,False,2026-04-16 18:21:00,484.0
453,Consumidor,Problemas en transacciones comerciales.,False,2026-02-06 17:00:11,936.0
454,Penal,Conflictos con entidades administrativas.,False,2026-01-01 04:37:16,328.0
455,Familiar,Conflictos con entidades administrativas.,True,2026-03-08 01:52:05,54.0
456,Penal,Conflictos relacionados con el trabajo y empleos.,False,2025-10-15 15:39:33,887.0
457,Civil,Conflictos con entidades administrativas.,True,2026-03-25 01:07:02,378.0
458,Civil,Litigios civiles generales.,False,2025-06-24 11:06:39,606.0
459,Penal,Asuntos penales y delitos.,True,2026-02-20 17:36:36,25.0
460,Administrativo,Conflictos relacionados con el trabajo y empleos.,False,2025-11-18 17:47:20,386.0
461,Familiar,Asuntos penales y delitos.,True,2025-08-10 11:09:31,985.0
462,Comercial,Litigios civiles generales.,False,2026-03-22 16:37:48,919.0
463,Administrativo,Problemas ambientales y ecológicos.,False,2026-03-26 00:29:30,137.0
464,Familiar,Conflictos relacionados con el trabajo y empleos.,False,2025-09-27 21:27:47,299.0
465,Administrativo,Disputas entre consumidores y proveedores.,False,2025-05-14 19:15:42,464.0
466,Penal,Disputas entre miembros de la familia.,True,2026-01-25 13:46:13,599.0
467,Comercial,Disputas entre miembros de la familia.,True,2026-02-13 04:06:42,417.0
468,Administrativo,Asuntos penales y delitos.,True,2025-09-19 09:06:46,873.0
469,Familiar,Problemas en transacciones comerciales.,True,2025-05-22 08:43:17,714.0
470,Penal,Conflictos con entidades administrativas.,False,2026-02-22 15:50:47,992.0
471,Consumidor,Conflictos relacionados con el trabajo y empleos.,True,2025-05-27 09:19:10,179.0
472,Consumidor,Problemas ambientales y ecológicos.,False,2025-07-27 19:00:47,97.0
473,Familiar,Problemas en transacciones comerciales.,True,2026-03-07 18:32:09,800.0
474,Comercial,Asuntos penales y delitos.,True,2025-10-15 06:52:22,961.0
475,Civil,Disputas entre miembros de la familia.,False,2026-04-27 16:23:05,662.0
476,Comercial,Disputas entre miembros de la familia.,True,2025-11-20 15:33:33,52.0
477,Consumidor,Disputas entre consumidores y proveedores.,True,2025-08-27 18:11:19,437.0
478,Administrativo,Asuntos penales y delitos.,True,2026-02-02 10:18:34,905.0
479,Laboral,Asuntos penales y delitos.,False,2025-06-11 09:04:36,904.0
480,Laboral,Disputas entre miembros de la familia.,True,2025-12-16 06:27:36,205.0
481,Laboral,Disputas entre consumidores y proveedores.,False,2025-05-08 07:05:28,801.0
482,Administrativo,Conflictos con entidades administrativas.,True,2025-10-22 10:25:01,327.0
483,Laboral,Litigios civiles generales.,True,2026-04-09 03:02:40,786.0
484,Comercial,Disputas entre miembros de la familia.,True,2026-01-01 21:20:45,547.0
485,Penal,Disputas entre consumidores y proveedores.,False,2025-11-08 13:24:47,607.0
486,Administrativo,Conflictos relacionados con el trabajo y empleos.,True,2025-05-12 20:13:26,578.0
487,Penal,Problemas ambientales y ecológicos.,True,2025-08-04 09:24:31,39.0
488,Laboral,Asuntos penales y delitos.,True,2025-07-04 11:34:29,490.0
489,Administrativo,Asuntos penales y delitos.,False,2026-03-03 07:50:51,941.0
490,Laboral,Conflictos relacionados con el trabajo y empleos.,True,2026-02-21 23:50:04,146.0
491,Administrativo,Disputas entre miembros de la familia.,True,2025-10-28 19:53:37,601.0
492,Administrativo,Litigios civiles generales.,False,2025-11-24 14:25:16,972.0
493,Ambiental,Conflictos con entidades administrativas.,False,2026-02-07 20:00:18,911.0
494,Penal,Problemas en transacciones comerciales.,True,2025-10-27 08:49:18,302.0
495,Comercial,Conflictos relacionados con el trabajo y empleos.,True,2025-05-14 00:10:08,790.0
496,Comercial,Conflictos con entidades administrativas.,False,2025-06-29 10:55:26,107.0
497,Comercial,Conflictos con entidades administrativas.,True,2026-03-30 11:13:42,172.0
498,Administrativo,Problemas ambientales y ecológicos.,True,2026-05-03 10:22:47,710.0
499,Administrativo,Litigios civiles generales.,False,2026-03-13 19:35:59,396.0
500,Consumidor,Problemas en transacciones comerciales.,False,2025-10-09 02:39:38,360.0
501,Familiar,Problemas ambientales y ecológicos.,True,2025-07-16 21:47:19,231.0
502,Ambiental,Disputas entre miembros de la familia.,True,2026-04-21 09:34:42,268.0
503,Familiar,Conflictos con entidades administrativas.,True,2026-02-10 06:25:16,77.0
504,Administrativo,Problemas ambientales y ecológicos.,False,2025-05-13 18:08:21,169.0
505,Comercial,Conflictos relacionados con el trabajo y empleos.,False,2026-03-18 08:22:50,420.0
506,Civil,Litigios civiles generales.,False,2026-01-07 15:32:37,586.0
507,Comercial,Conflictos relacionados con el trabajo y empleos.,False,2025-11-05 18:08:57,302.0
508,Penal,Disputas entre miembros de la familia.,True,2026-04-25 12:25:22,299.0
509,Ambiental,Disputas entre miembros de la familia.,False,2025-12-02 06:05:31,917.0
510,Familiar,Disputas entre consumidores y proveedores.,True,2026-02-03 06:39:38,379.0
511,Ambiental,Conflictos relacionados con el trabajo y empleos.,False,2025-12-25 04:06:46,232.0
512,Laboral,Problemas en transacciones comerciales.,False,2025-05-16 21:29:57,685.0
513,Consumidor,Asuntos penales y delitos.,False,2025-07-29 16:42:38,839.0
514,Ambiental,Asuntos penales y delitos.,True,2025-09-07 09:30:37,925.0
515,Comercial,Disputas entre miembros de la familia.,True,2025-09-21 13:25:49,828.0
516,Comercial,Conflictos relacionados con el trabajo y empleos.,True,2025-10-04 15:52:35,207.0
517,Civil,Conflictos con entidades administrativas.,False,2026-04-04 16:11:27,407.0
518,Civil,Problemas ambientales y ecológicos.,False,2026-05-01 19:56:25,536.0
519,Familiar,Disputas entre consumidores y proveedores.,True,2026-02-21 13:59:25,597.0
520,Familiar,Disputas entre miembros de la familia.,False,2025-12-13 00:39:40,899.0
521,Civil,Disputas entre consumidores y proveedores.,True,2025-06-07 02:59:24,485.0
522,Comercial,Litigios civiles generales.,False,2025-10-14 13:56:24,698.0
523,Laboral,Disputas entre consumidores y proveedores.,False,2025-11-19 20:20:59,764.0
524,Civil,Conflictos con entidades administrativas.,False,2026-04-28 07:43:12,311.0
525,Civil,Problemas ambientales y ecológicos.,True,2025-05-16 21:29:07,234.0
526,Civil,Problemas ambientales y ecológicos.,True,2025-11-25 09:49:36,620.0
527,Penal,Problemas ambientales y ecológicos.,False,2026-01-20 04:48:31,778.0
528,Laboral,Problemas en transacciones comerciales.,True,2026-04-05 08:50:30,414.0
529,Laboral,Problemas en transacciones comerciales.,True,2026-01-30 11:42:59,256.0
530,Ambiental,Conflictos relacionados con el trabajo y empleos.,False,2025-11-04 20:23:45,378.0
531,Consumidor,Disputas entre miembros de la familia.,False,2025-05-25 18:20:39,501.0
532,Comercial,Problemas ambientales y ecológicos.,False,2025-07-12 01:13:40,168.0
533,Familiar,Litigios civiles generales.,True,2026-04-24 06:32:52,875.0
534,Penal,Asuntos penales y delitos.,True,2025-05-27 12:18:21,420.0
535,Laboral,Problemas ambientales y ecológicos.,True,2026-03-01 22:24:24,821.0
536,Penal,Litigios civiles generales.,False,2025-07-01 08:50:17,659.0
537,Consumidor,Disputas entre consumidores y proveedores.,False,2025-11-11 04:19:49,478.0
538,Consumidor,Disputas entre miembros de la familia.,False,2026-05-05 01:53:09,860.0
539,Civil,Litigios civiles generales.,False,2025-05-23 15:05:58,345.0
540,Administrativo,Litigios civiles generales.,False,2025-12-25 21:50:05,668.0
541,Penal,Problemas en transacciones comerciales.,False,2025-08-17 10:38:59,825.0
542,Administrativo,Problemas en transacciones comerciales.,False,2026-04-24 22:04:44,266.0
543,Consumidor,Disputas entre consumidores y proveedores.,True,2026-04-19 23:50:26,836.0
544,Administrativo,Asuntos penales y delitos.,False,2025-05-22 00:55:12,488.0
545,Civil,Problemas en transacciones comerciales.,False,2025-06-06 01:24:44,100.0
546,Comercial,Litigios civiles generales.,True,2025-07-26 12:52:05,344.0
547,Penal,Conflictos con entidades administrativas.,False,2026-01-13 18:40:43,431.0
548,Administrativo,Litigios civiles generales.,False,2025-07-13 09:06:08,121.0
549,Laboral,Disputas entre miembros de la familia.,False,2025-09-09 12:03:55,889.0
550,Civil,Disputas entre consumidores y proveedores.,False,2026-04-11 14:27:50,351.0
551,Ambiental,Problemas en transacciones comerciales.,False,2025-11-27 20:24:13,83.0
552,Administrativo,Problemas en transacciones comerciales.,False,2025-11-28 22:33:02,463.0
553,Penal,Problemas en transacciones comerciales.,True,2025-07-17 13:04:12,782.0
554,Comercial,Disputas entre consumidores y proveedores.,False,2025-06-18 05:10:35,989.0
555,Consumidor,Conflictos relacionados con el trabajo y empleos.,True,2026-04-19 01:23:16,383.0
556,Administrativo,Asuntos penales y delitos.,True,2026-04-28 21:35:22,752.0
557,Penal,Conflictos con entidades administrativas.,False,2025-11-30 14:29:38,516.0
558,Comercial,Disputas entre miembros de la familia.,False,2026-04-15 09:17:33,746.0
559,Consumidor,Problemas en transacciones comerciales.,True,2025-11-14 03:13:14,193.0
560,Consumidor,Conflictos relacionados con el trabajo y empleos.,True,2026-01-12 10:49:54,217.0
561,Comercial,Disputas entre miembros de la familia.,False,2025-11-01 19:54:12,39.0
562,Civil,Conflictos relacionados con el trabajo y empleos.,True,2025-07-08 16:53:56,670.0
563,Laboral,Disputas entre miembros de la familia.,False,2025-10-07 04:11:55,561.0
564,Ambiental,Problemas en transacciones comerciales.,False,2026-01-22 19:52:22,10.0
565,Consumidor,Disputas entre miembros de la familia.,True,2025-06-03 02:18:23,621.0
566,Consumidor,Disputas entre miembros de la familia.,True,2025-08-19 18:56:55,290.0
567,Familiar,Problemas ambientales y ecológicos.,True,2026-01-26 23:23:13,270.0
568,Administrativo,Disputas entre consumidores y proveedores.,True,2025-12-08 13:33:27,509.0
569,Ambiental,Conflictos con entidades administrativas.,True,2026-01-08 18:35:20,92.0
570,Ambiental,Problemas en transacciones comerciales.,True,2026-03-23 02:31:16,741.0
571,Civil,Asuntos penales y delitos.,True,2025-09-17 09:19:33,52.0
572,Comercial,Conflictos relacionados con el trabajo y empleos.,False,2025-12-11 06:44:19,321.0
573,Familiar,Disputas entre miembros de la familia.,True,2026-04-15 17:41:54,680.0
574,Administrativo,Conflictos con entidades administrativas.,True,2025-09-25 23:18:06,751.0
575,Administrativo,Conflictos con entidades administrativas.,False,2026-02-04 15:10:37,986.0
576,Civil,Disputas entre consumidores y proveedores.,True,2025-05-20 02:44:36,665.0
577,Familiar,Problemas en transacciones comerciales.,True,2025-05-16 19:32:08,164.0
578,Consumidor,Problemas ambientales y ecológicos.,False,2025-07-20 21:07:51,626.0
579,Administrativo,Conflictos relacionados con el trabajo y empleos.,False,2025-05-22 18:38:54,495.0
580,Familiar,Disputas entre consumidores y proveedores.,False,2025-09-25 17:31:46,671.0
581,Laboral,Asuntos penales y delitos.,True,2025-05-31 08:02:29,705.0
582,Consumidor,Asuntos penales y delitos.,False,2025-09-04 06:53:19,657.0
583,Comercial,Conflictos relacionados con el trabajo y empleos.,False,2026-05-02 21:36:52,518.0
584,Ambiental,Problemas en transacciones comerciales.,False,2026-03-31 03:15:47,339.0
585,Laboral,Asuntos penales y delitos.,True,2025-07-30 22:11:37,837.0
586,Familiar,Problemas ambientales y ecológicos.,False,2025-09-23 00:07:57,878.0
587,Ambiental,Conflictos con entidades administrativas.,True,2026-03-09 02:48:21,19.0
588,Consumidor,Disputas entre consumidores y proveedores.,True,2026-04-20 01:01:02,846.0
589,Civil,Asuntos penales y delitos.,True,2025-06-06 21:06:41,373.0
590,Penal,Problemas ambientales y ecológicos.,False,2025-11-20 00:46:23,615.0
591,Administrativo,Problemas ambientales y ecológicos.,True,2026-03-11 14:47:20,228.0
592,Administrativo,Conflictos con entidades administrativas.,True,2025-06-18 09:00:29,383.0
593,Laboral,Problemas en transacciones comerciales.,False,2025-08-29 13:43:17,761.0
594,Familiar,Litigios civiles generales.,False,2025-06-30 12:23:55,953.0
595,Penal,Problemas ambientales y ecológicos.,False,2026-01-30 20:14:56,776.0
596,Laboral,Disputas entre miembros de la familia.,True,2025-09-20 03:53:25,980.0
597,Ambiental,Conflictos relacionados con el trabajo y empleos.,False,2025-08-09 19:32:27,958.0
598,Ambiental,Problemas en transacciones comerciales.,True,2025-05-19 00:24:16,835.0
599,Familiar,Disputas entre consumidores y proveedores.,False,2025-06-05 22:57:06,330.0
600,Consumidor,Asuntos penales y delitos.,True,2025-12-19 06:14:44,464.0
601,Comercial,Disputas entre consumidores y proveedores.,False,2025-07-03 19:39:15,525.0
602,Administrativo,Asuntos penales y delitos.,False,2026-01-26 11:56:17,298.0
603,Comercial,Problemas en transacciones comerciales.,True,2025-08-24 00:51:22,331.0
604,Administrativo,Problemas ambientales y ecológicos.,False,2025-07-13 23:53:17,428.0
605,Consumidor,Conflictos relacionados con el trabajo y empleos.,True,2025-08-14 15:34:38,149.0
606,Laboral,Asuntos penales y delitos.,True,2025-12-23 13:17:19,257.0
607,Laboral,Litigios civiles generales.,False,2026-01-24 01:33:40,834.0
608,Familiar,Asuntos penales y delitos.,False,2025-06-11 01:11:47,524.0
609,Laboral,Disputas entre consumidores y proveedores.,True,2025-10-22 04:45:19,321.0
610,Laboral,Litigios civiles generales.,False,2026-01-24 22:40:13,882.0
611,Penal,Conflictos con entidades administrativas.,True,2025-07-11 00:48:24,202.0
612,Civil,Problemas ambientales y ecológicos.,True,2026-02-06 21:31:51,986.0
613,Familiar,Disputas entre consumidores y proveedores.,True,2026-04-18 05:18:27,271.0
614,Comercial,Litigios civiles generales.,True,2026-05-06 08:06:17,960.0
615,Laboral,Problemas en transacciones comerciales.,False,2025-11-23 23:32:13,955.0
616,Ambiental,Conflictos con entidades administrativas.,True,2026-03-31 20:15:29,226.0
617,Familiar,Problemas en transacciones comerciales.,False,2025-10-08 01:01:37,95.0
618,Penal,Asuntos penales y delitos.,True,2025-06-03 08:14:39,301.0
619,Ambiental,Conflictos relacionados con el trabajo y empleos.,True,2026-03-10 21:13:34,247.0
620,Laboral,Conflictos con entidades administrativas.,False,2025-10-25 15:11:46,554.0
621,Laboral,Conflictos con entidades administrativas.,False,2025-08-18 02:07:31,45.0
622,Penal,Conflictos con entidades administrativas.,True,2025-08-18 16:29:52,995.0
623,Familiar,Asuntos penales y delitos.,False,2025-05-29 21:46:49,886.0
624,Familiar,Asuntos penales y delitos.,False,2025-08-05 19:39:15,794.0
625,Familiar,Problemas en transacciones comerciales.,True,2026-04-26 03:50:41,39.0
626,Familiar,Conflictos relacionados con el trabajo y empleos.,True,2026-02-06 10:00:58,589.0
627,Civil,Disputas entre consumidores y proveedores.,False,2025-10-22 03:55:37,444.0
628,Laboral,Disputas entre consumidores y proveedores.,True,2025-05-29 15:02:02,657.0
629,Laboral,Disputas entre miembros de la familia.,False,2025-11-06 02:29:44,806.0
630,Familiar,Litigios civiles generales.,True,2025-09-26 06:10:10,677.0
631,Ambiental,Problemas en transacciones comerciales.,False,2025-08-08 11:27:15,401.0
632,Comercial,Litigios civiles generales.,True,2025-05-26 18:54:39,981.0
633,Comercial,Disputas entre miembros de la familia.,True,2026-04-17 17:59:24,404.0
634,Civil,Asuntos penales y delitos.,True,2025-11-13 12:09:05,662.0
635,Comercial,Problemas en transacciones comerciales.,True,2026-01-14 22:42:46,199.0
636,Comercial,Conflictos relacionados con el trabajo y empleos.,False,2025-07-31 03:54:27,75.0
637,Familiar,Litigios civiles generales.,False,2026-03-19 11:49:25,499.0
638,Administrativo,Problemas en transacciones comerciales.,True,2025-05-29 22:20:56,292.0
639,Penal,Conflictos con entidades administrativas.,False,2025-09-02 04:14:23,676.0
640,Comercial,Conflictos con entidades administrativas.,True,2025-11-28 05:26:02,321.0
641,Penal,Disputas entre consumidores y proveedores.,False,2025-12-18 07:27:19,751.0
642,Ambiental,Problemas ambientales y ecológicos.,True,2025-09-22 06:46:43,499.0
643,Comercial,Disputas entre miembros de la familia.,False,2025-12-16 13:38:28,202.0
644,Familiar,Disputas entre miembros de la familia.,False,2026-04-29 01:56:01,833.0
645,Penal,Conflictos relacionados con el trabajo y empleos.,False,2025-07-30 10:01:05,553.0
646,Comercial,Conflictos con entidades administrativas.,False,2025-10-20 10:38:13,604.0
647,Comercial,Problemas ambientales y ecológicos.,True,2025-08-25 02:30:37,373.0
648,Penal,Problemas en transacciones comerciales.,True,2025-08-18 14:07:52,184.0
649,Ambiental,Conflictos con entidades administrativas.,True,2026-04-18 10:47:31,238.0
650,Civil,Conflictos con entidades administrativas.,False,2026-01-09 16:53:49,531.0
651,Consumidor,Problemas ambientales y ecológicos.,True,2025-09-18 17:33:21,332.0
652,Civil,Litigios civiles generales.,False,2025-07-16 00:59:51,386.0
653,Administrativo,Disputas entre miembros de la familia.,False,2025-08-17 10:11:04,229.0
654,Administrativo,Conflictos con entidades administrativas.,True,2025-09-01 02:39:24,7.0
655,Ambiental,Problemas en transacciones comerciales.,True,2026-01-11 16:03:21,288.0
656,Comercial,Problemas en transacciones comerciales.,True,2026-02-17 06:57:17,837.0
657,Penal,Disputas entre consumidores y proveedores.,False,2025-11-19 19:28:32,692.0
658,Ambiental,Asuntos penales y delitos.,True,2025-07-10 12:54:09,421.0
659,Penal,Conflictos relacionados con el trabajo y empleos.,True,2026-03-03 23:58:52,138.0
660,Comercial,Conflictos relacionados con el trabajo y empleos.,False,2026-02-12 09:36:51,530.0
661,Laboral,Litigios civiles generales.,False,2026-03-26 12:07:24,483.0
662,Comercial,Asuntos penales y delitos.,True,2025-10-09 23:26:12,597.0
663,Civil,Problemas en transacciones comerciales.,True,2025-05-22 07:36:33,611.0
664,Penal,Disputas entre consumidores y proveedores.,False,2025-10-23 14:30:01,208.0
665,Comercial,Disputas entre miembros de la familia.,True,2026-02-07 02:38:23,615.0
666,Familiar,Disputas entre miembros de la familia.,True,2025-09-03 21:27:05,618.0
667,Consumidor,Disputas entre consumidores y proveedores.,True,2025-10-31 16:51:29,440.0
668,Ambiental,Disputas entre consumidores y proveedores.,True,2025-11-09 23:44:15,930.0
669,Consumidor,Problemas en transacciones comerciales.,True,2025-12-29 02:46:48,932.0
670,Civil,Disputas entre consumidores y proveedores.,True,2025-12-28 12:35:17,762.0
671,Familiar,Conflictos relacionados con el trabajo y empleos.,False,2025-10-27 22:22:18,824.0
672,Consumidor,Conflictos con entidades administrativas.,False,2026-03-15 14:08:21,600.0
673,Civil,Disputas entre consumidores y proveedores.,False,2025-07-23 06:56:45,697.0
674,Penal,Disputas entre consumidores y proveedores.,False,2025-07-30 01:05:51,380.0
675,Civil,Litigios civiles generales.,True,2025-07-17 06:46:17,408.0
676,Familiar,Asuntos penales y delitos.,False,2025-09-21 20:25:56,220.0
677,Administrativo,Conflictos relacionados con el trabajo y empleos.,True,2026-02-15 05:56:02,824.0
678,Comercial,Problemas ambientales y ecológicos.,True,2025-07-05 05:30:58,270.0
679,Administrativo,Disputas entre miembros de la familia.,False,2025-07-01 16:49:38,954.0
680,Civil,Conflictos relacionados con el trabajo y empleos.,True,2026-02-07 22:04:34,11.0
681,Civil,Asuntos penales y delitos.,True,2026-04-20 23:03:29,716.0
682,Comercial,Conflictos relacionados con el trabajo y empleos.,True,2025-11-05 10:55:02,1000.0
683,Familiar,Litigios civiles generales.,True,2025-10-16 06:53:37,416.0
684,Laboral,Disputas entre miembros de la familia.,False,2026-03-23 01:17:16,850.0
685,Administrativo,Litigios civiles generales.,False,2026-01-12 23:23:33,953.0
686,Laboral,Litigios civiles generales.,True,2026-02-08 05:03:56,573.0
687,Civil,Conflictos con entidades administrativas.,False,2026-03-10 02:19:06,551.0
688,Ambiental,Disputas entre consumidores y proveedores.,False,2025-07-24 02:46:47,776.0
689,Ambiental,Problemas ambientales y ecológicos.,True,2025-07-12 18:05:55,265.0
690,Consumidor,Asuntos penales y delitos.,False,2025-05-26 20:21:11,324.0
691,Administrativo,Conflictos relacionados con el trabajo y empleos.,False,2025-05-15 10:20:44,96.0
692,Administrativo,Disputas entre miembros de la familia.,True,2025-07-29 13:05:42,363.0
693,Civil,Problemas en transacciones comerciales.,True,2025-05-24 12:04:15,205.0
694,Penal,Litigios civiles generales.,False,2026-01-23 11:23:09,256.0
695,Comercial,Disputas entre miembros de la familia.,True,2026-03-08 15:52:20,505.0
696,Laboral,Problemas ambientales y ecológicos.,False,2025-10-29 23:15:31,920.0
697,Ambiental,Problemas en transacciones comerciales.,True,2025-08-20 10:10:48,769.0
698,Laboral,Disputas entre consumidores y proveedores.,False,2025-09-06 01:33:30,356.0
699,Comercial,Problemas ambientales y ecológicos.,True,2026-03-07 20:02:33,324.0
700,Laboral,Asuntos penales y delitos.,False,2025-10-26 00:29:42,371.0
701,Comercial,Litigios civiles generales.,False,2026-01-07 10:05:23,352.0
702,Comercial,Problemas ambientales y ecológicos.,False,2025-10-03 12:09:18,771.0
703,Administrativo,Disputas entre consumidores y proveedores.,True,2025-12-16 04:24:26,135.0
704,Familiar,Litigios civiles generales.,True,2026-01-08 01:08:08,391.0
705,Comercial,Problemas en transacciones comerciales.,True,2025-09-08 18:24:36,512.0
706,Administrativo,Problemas ambientales y ecológicos.,True,2025-12-06 10:00:08,582.0
707,Consumidor,Disputas entre miembros de la familia.,False,2025-05-20 13:32:49,834.0
708,Ambiental,Disputas entre miembros de la familia.,False,2025-09-19 19:14:46,370.0
709,Civil,Conflictos con entidades administrativas.,True,2026-04-28 05:28:40,889.0
710,Comercial,Litigios civiles generales.,False,2025-11-08 07:52:30,500.0
711,Familiar,Disputas entre consumidores y proveedores.,True,2025-06-28 09:06:22,980.0
712,Comercial,Conflictos con entidades administrativas.,True,2025-10-04 21:56:26,415.0
713,Familiar,Problemas en transacciones comerciales.,False,2025-11-14 11:15:42,669.0
714,Civil,Disputas entre consumidores y proveedores.,False,2025-12-21 03:46:07,962.0
715,Ambiental,Disputas entre consumidores y proveedores.,True,2026-02-12 12:42:01,129.0
716,Civil,Disputas entre miembros de la familia.,True,2026-01-21 13:10:56,98.0
717,Ambiental,Conflictos relacionados con el trabajo y empleos.,True,2026-04-25 06:02:14,86.0
718,Civil,Problemas en transacciones comerciales.,False,2026-03-25 21:36:06,400.0
719,Penal,Asuntos penales y delitos.,True,2025-12-14 03:55:54,135.0
720,Laboral,Conflictos relacionados con el trabajo y empleos.,False,2025-06-03 06:40:04,334.0
721,Ambiental,Litigios civiles generales.,True,2025-08-01 04:27:18,553.0
722,Ambiental,Disputas entre consumidores y proveedores.,False,2025-08-12 21:55:28,318.0
723,Ambiental,Asuntos penales y delitos.,False,2026-03-24 04:16:39,423.0
724,Comercial,Litigios civiles generales.,True,2026-05-03 18:02:10,777.0
725,Administrativo,Litigios civiles generales.,False,2025-09-10 01:35:18,945.0
726,Ambiental,Litigios civiles generales.,True,2026-05-04 04:44:44,612.0
727,Laboral,Conflictos con entidades administrativas.,False,2026-02-01 04:39:27,448.0
728,Penal,Problemas en transacciones comerciales.,False,2025-06-12 05:42:38,226.0
729,Familiar,Disputas entre consumidores y proveedores.,False,2025-06-22 11:02:14,820.0
730,Civil,Litigios civiles generales.,True,2025-10-09 11:41:58,187.0
731,Civil,Disputas entre miembros de la familia.,False,2025-06-16 03:56:34,279.0
732,Penal,Conflictos con entidades administrativas.,True,2026-04-29 14:32:28,23.0
733,Familiar,Litigios civiles generales.,True,2025-12-22 13:50:34,745.0
734,Penal,Disputas entre miembros de la familia.,False,2026-02-20 18:04:49,351.0
735,Civil,Problemas ambientales y ecológicos.,False,2025-10-30 03:51:12,33.0
736,Familiar,Problemas en transacciones comerciales.,False,2026-04-10 09:46:37,74.0
737,Comercial,Asuntos penales y delitos.,True,2025-12-31 05:43:02,125.0
738,Consumidor,Problemas ambientales y ecológicos.,True,2026-01-01 19:33:50,472.0
739,Penal,Problemas ambientales y ecológicos.,True,2025-10-20 21:16:03,331.0
740,Laboral,Disputas entre miembros de la familia.,False,2025-12-30 02:55:43,204.0
741,Laboral,Asuntos penales y delitos.,True,2026-03-12 10:55:35,333.0
742,Comercial,Litigios civiles generales.,True,2025-07-13 15:10:12,249.0
743,Laboral,Problemas ambientales y ecológicos.,True,2025-05-20 23:26:39,790.0
744,Penal,Problemas en transacciones comerciales.,True,2025-08-26 15:52:23,347.0
745,Laboral,Conflictos con entidades administrativas.,True,2025-06-12 13:51:28,811.0
746,Comercial,Problemas ambientales y ecológicos.,False,2026-01-09 08:00:12,661.0
747,Ambiental,Asuntos penales y delitos.,True,2026-04-27 20:11:40,742.0
748,Civil,Conflictos relacionados con el trabajo y empleos.,False,2025-09-01 20:07:27,302.0
749,Penal,Problemas en transacciones comerciales.,False,2025-08-03 07:15:16,480.0
750,Comercial,Disputas entre miembros de la familia.,False,2025-08-10 14:07:44,840.0
751,Administrativo,Problemas ambientales y ecológicos.,True,2026-05-07 22:03:38,752.0
752,Laboral,Conflictos con entidades administrativas.,False,2025-06-25 11:15:16,65.0
753,Penal,Problemas ambientales y ecológicos.,False,2025-07-30 13:56:44,331.0
754,Administrativo,Disputas entre miembros de la familia.,True,2026-03-20 01:53:58,45.0
755,Comercial,Conflictos relacionados con el trabajo y empleos.,True,2026-01-25 15:04:50,102.0
756,Consumidor,Problemas ambientales y ecológicos.,True,2025-08-11 22:51:25,263.0
757,Administrativo,Asuntos penales y delitos.,True,2025-07-01 20:32:02,953.0
758,Ambiental,Disputas entre miembros de la familia.,False,2025-09-10 22:32:39,572.0
759,Administrativo,Conflictos relacionados con el trabajo y empleos.,True,2025-06-27 10:03:00,752.0
760,Civil,Disputas entre miembros de la familia.,True,2026-01-18 02:29:56,743.0
761,Consumidor,Asuntos penales y delitos.,True,2026-01-30 01:53:47,584.0
762,Consumidor,Disputas entre miembros de la familia.,False,2025-06-16 00:13:19,470.0
763,Familiar,Problemas en transacciones comerciales.,True,2026-02-05 01:10:30,346.0
764,Ambiental,Conflictos con entidades administrativas.,False,2025-11-28 01:15:08,381.0
765,Consumidor,Conflictos con entidades administrativas.,False,2025-07-01 10:59:28,220.0
766,Civil,Conflictos con entidades administrativas.,True,2025-09-19 04:11:02,744.0
767,Civil,Conflictos relacionados con el trabajo y empleos.,False,2025-08-16 13:39:43,7.0
768,Penal,Asuntos penales y delitos.,False,2025-11-28 17:46:10,966.0
769,Comercial,Disputas entre miembros de la familia.,False,2026-04-19 04:13:53,142.0
770,Administrativo,Asuntos penales y delitos.,False,2026-01-09 09:44:43,95.0
771,Penal,Disputas entre miembros de la familia.,True,2025-11-23 03:24:31,846.0
772,Civil,Conflictos relacionados con el trabajo y empleos.,False,2025-07-17 06:30:13,58.0
773,Administrativo,Disputas entre consumidores y proveedores.,True,2025-10-07 14:40:13,233.0
774,Consumidor,Conflictos relacionados con el trabajo y empleos.,True,2025-12-03 02:33:42,553.0
775,Administrativo,Asuntos penales y delitos.,False,2026-02-19 16:52:16,403.0
776,Familiar,Asuntos penales y delitos.,True,2025-09-29 08:45:37,152.0
777,Administrativo,Disputas entre miembros de la familia.,False,2025-09-06 23:48:59,562.0
778,Civil,Disputas entre miembros de la familia.,True,2025-10-16 02:08:13,715.0
779,Comercial,Problemas ambientales y ecológicos.,True,2025-07-26 12:04:37,668.0
780,Penal,Asuntos penales y delitos.,True,2026-04-02 09:46:35,332.0
781,Familiar,Disputas entre consumidores y proveedores.,False,2025-10-04 07:13:50,329.0
782,Laboral,Litigios civiles generales.,False,2026-02-11 06:56:10,823.0
783,Comercial,Problemas ambientales y ecológicos.,True,2026-04-16 11:23:19,383.0
784,Familiar,Disputas entre miembros de la familia.,False,2026-04-11 10:56:03,152.0
785,Laboral,Conflictos con entidades administrativas.,True,2025-05-18 15:16:34,483.0
786,Administrativo,Asuntos penales y delitos.,False,2025-08-06 12:22:28,536.0
787,Ambiental,Problemas en transacciones comerciales.,True,2025-05-17 19:54:01,386.0
788,Civil,Problemas en transacciones comerciales.,False,2026-04-08 09:23:12,714.0
789,Laboral,Problemas ambientales y ecológicos.,False,2025-06-07 18:31:38,677.0
790,Administrativo,Disputas entre miembros de la familia.,False,2026-04-29 08:40:06,665.0
791,Penal,Disputas entre consumidores y proveedores.,False,2025-08-20 20:29:05,324.0
792,Familiar,Problemas en transacciones comerciales.,True,2026-01-27 02:06:27,949.0
793,Laboral,Asuntos penales y delitos.,True,2025-08-10 09:14:31,403.0
794,Laboral,Conflictos con entidades administrativas.,True,2025-05-23 07:13:22,310.0
795,Civil,Conflictos relacionados con el trabajo y empleos.,True,2025-06-22 09:39:38,912.0
796,Civil,Asuntos penales y delitos.,True,2026-02-20 07:38:37,673.0
797,Familiar,Disputas entre consumidores y proveedores.,True,2025-08-14 20:56:07,641.0
798,Consumidor,Asuntos penales y delitos.,False,2025-07-19 14:08:43,932.0
799,Ambiental,Problemas en transacciones comerciales.,True,2026-01-22 22:27:25,555.0
800,Comercial,Litigios civiles generales.,True,2025-05-20 19:38:29,932.0
801,Consumidor,Problemas en transacciones comerciales.,True,2025-06-06 23:37:52,326.0
802,Familiar,Problemas en transacciones comerciales.,False,2025-11-27 13:50:01,784.0
803,Consumidor,Disputas entre consumidores y proveedores.,False,2025-12-04 03:48:03,842.0
804,Comercial,Asuntos penales y delitos.,False,2026-03-15 14:25:01,781.0
805,Penal,Asuntos penales y delitos.,False,2026-01-09 21:34:40,82.0
806,Comercial,Problemas ambientales y ecológicos.,False,2025-05-08 22:12:51,873.0
807,Ambiental,Problemas ambientales y ecológicos.,False,2026-02-27 13:23:48,34.0
808,Laboral,Litigios civiles generales.,True,2025-10-09 10:48:20,208.0
809,Familiar,Problemas en transacciones comerciales.,False,2025-09-25 23:04:18,333.0
810,Penal,Disputas entre consumidores y proveedores.,False,2025-10-13 16:57:15,845.0
811,Administrativo,Disputas entre consumidores y proveedores.,True,2025-06-28 18:59:24,550.0
812,Familiar,Problemas ambientales y ecológicos.,False,2025-09-17 16:39:47,532.0
813,Laboral,Disputas entre consumidores y proveedores.,False,2025-08-16 22:32:50,299.0
814,Consumidor,Litigios civiles generales.,True,2025-12-13 04:25:35,302.0
815,Comercial,Problemas ambientales y ecológicos.,True,2025-06-12 04:30:16,513.0
816,Comercial,Problemas en transacciones comerciales.,True,2025-10-19 05:15:34,26.0
817,Ambiental,Asuntos penales y delitos.,True,2025-09-18 16:19:42,709.0
818,Familiar,Disputas entre miembros de la familia.,True,2026-03-10 20:07:22,372.0
819,Consumidor,Problemas en transacciones comerciales.,True,2025-10-27 01:12:00,787.0
820,Administrativo,Problemas en transacciones comerciales.,True,2026-02-14 14:24:13,730.0
821,Consumidor,Litigios civiles generales.,True,2025-11-30 18:46:34,296.0
822,Familiar,Problemas en transacciones comerciales.,True,2026-01-25 17:56:14,260.0
823,Ambiental,Problemas ambientales y ecológicos.,False,2025-08-26 00:45:02,623.0
824,Penal,Asuntos penales y delitos.,False,2025-07-10 21:05:33,420.0
825,Familiar,Conflictos relacionados con el trabajo y empleos.,True,2026-01-03 01:18:23,644.0
826,Laboral,Problemas en transacciones comerciales.,True,2026-02-22 16:54:40,38.0
827,Laboral,Litigios civiles generales.,True,2025-11-20 16:32:56,427.0
828,Comercial,Litigios civiles generales.,True,2025-06-29 20:51:18,610.0
829,Ambiental,Conflictos con entidades administrativas.,False,2026-04-20 15:46:43,331.0
830,Consumidor,Disputas entre miembros de la familia.,True,2025-10-02 01:31:44,483.0
831,Familiar,Litigios civiles generales.,True,2025-11-21 02:09:29,215.0
832,Laboral,Disputas entre miembros de la familia.,False,2025-07-19 18:55:29,90.0
833,Civil,Disputas entre consumidores y proveedores.,False,2025-07-01 08:19:29,589.0
834,Comercial,Problemas ambientales y ecológicos.,True,2025-08-14 18:55:31,505.0
835,Penal,Litigios civiles generales.,True,2026-01-29 18:29:01,477.0
836,Penal,Disputas entre consumidores y proveedores.,True,2025-10-09 17:14:40,574.0
837,Laboral,Asuntos penales y delitos.,False,2025-05-20 09:19:12,70.0
838,Civil,Conflictos con entidades administrativas.,False,2026-05-05 14:52:41,350.0
839,Laboral,Problemas en transacciones comerciales.,False,2026-01-29 07:42:41,945.0
840,Ambiental,Conflictos relacionados con el trabajo y empleos.,False,2025-06-12 14:05:53,643.0
841,Administrativo,Problemas ambientales y ecológicos.,False,2025-10-08 19:32:09,534.0
842,Administrativo,Conflictos relacionados con el trabajo y empleos.,False,2026-01-21 23:52:41,819.0
843,Familiar,Problemas en transacciones comerciales.,True,2025-12-16 18:14:38,642.0
844,Consumidor,Problemas en transacciones comerciales.,False,2025-07-08 14:40:12,770.0
845,Administrativo,Conflictos relacionados con el trabajo y empleos.,True,2025-12-20 05:30:31,899.0
846,Administrativo,Problemas ambientales y ecológicos.,True,2025-12-05 12:02:43,180.0
847,Administrativo,Conflictos relacionados con el trabajo y empleos.,False,2026-01-25 16:07:30,26.0
848,Comercial,Asuntos penales y delitos.,False,2025-11-15 02:49:07,537.0
849,Administrativo,Problemas en transacciones comerciales.,True,2026-03-19 01:52:54,211.0
850,Ambiental,Disputas entre consumidores y proveedores.,True,2025-05-08 02:29:02,319.0
851,Familiar,Conflictos con entidades administrativas.,False,2025-09-11 17:29:29,785.0
852,Laboral,Litigios civiles generales.,False,2025-06-15 12:15:50,198.0
853,Civil,Conflictos con entidades administrativas.,True,2025-09-24 21:28:45,153.0
854,Civil,Disputas entre miembros de la familia.,True,2026-04-30 23:00:30,105.0
855,Administrativo,Conflictos con entidades administrativas.,True,2025-12-21 13:50:11,291.0
856,Comercial,Disputas entre miembros de la familia.,False,2025-11-29 22:38:41,554.0
857,Laboral,Problemas en transacciones comerciales.,True,2026-04-24 02:38:19,52.0
858,Consumidor,Conflictos relacionados con el trabajo y empleos.,False,2026-03-25 05:10:51,722.0
859,Administrativo,Litigios civiles generales.,True,2025-11-19 11:50:14,687.0
860,Ambiental,Problemas en transacciones comerciales.,False,2026-03-21 20:06:56,467.0
861,Ambiental,Problemas ambientales y ecológicos.,False,2026-01-10 11:26:07,918.0
862,Administrativo,Disputas entre consumidores y proveedores.,False,2026-02-03 19:37:20,339.0
863,Ambiental,Problemas ambientales y ecológicos.,False,2026-04-23 16:05:55,360.0
864,Ambiental,Problemas en transacciones comerciales.,True,2025-12-15 06:57:26,131.0
865,Consumidor,Disputas entre miembros de la familia.,False,2025-11-23 00:54:58,812.0
866,Ambiental,Disputas entre consumidores y proveedores.,True,2025-07-10 05:20:23,250.0
867,Ambiental,Disputas entre consumidores y proveedores.,False,2026-04-05 08:22:10,711.0
868,Consumidor,Conflictos con entidades administrativas.,True,2025-08-02 20:20:51,679.0
869,Ambiental,Disputas entre miembros de la familia.,True,2025-07-08 23:06:42,569.0
870,Ambiental,Problemas en transacciones comerciales.,False,2025-12-02 06:31:24,112.0
871,Administrativo,Problemas ambientales y ecológicos.,True,2025-06-11 21:32:57,223.0
872,Laboral,Problemas en transacciones comerciales.,False,2025-06-04 14:07:28,299.0
873,Ambiental,Asuntos penales y delitos.,False,2026-01-22 20:39:42,307.0
874,Consumidor,Conflictos con entidades administrativas.,False,2026-03-24 00:35:23,523.0
875,Comercial,Litigios civiles generales.,True,2026-04-07 06:38:27,992.0
876,Laboral,Conflictos con entidades administrativas.,False,2026-03-13 08:41:01,241.0
877,Consumidor,Conflictos con entidades administrativas.,True,2025-05-09 06:10:38,446.0
878,Comercial,Problemas ambientales y ecológicos.,False,2026-02-26 12:00:38,864.0
879,Consumidor,Problemas en transacciones comerciales.,True,2025-12-11 21:27:54,12.0
880,Laboral,Problemas en transacciones comerciales.,True,2025-08-31 21:08:54,87.0
881,Consumidor,Problemas ambientales y ecológicos.,True,2025-05-16 22:36:35,639.0
882,Ambiental,Disputas entre consumidores y proveedores.,True,2025-07-30 04:11:40,232.0
883,Consumidor,Conflictos relacionados con el trabajo y empleos.,False,2025-07-17 02:41:16,243.0
884,Consumidor,Conflictos con entidades administrativas.,False,2026-04-21 16:59:32,722.0
885,Familiar,Problemas ambientales y ecológicos.,False,2025-05-20 16:26:16,749.0
886,Ambiental,Disputas entre miembros de la familia.,True,2025-08-13 23:30:47,484.0
887,Civil,Conflictos relacionados con el trabajo y empleos.,False,2025-11-14 00:47:02,481.0
888,Ambiental,Conflictos con entidades administrativas.,True,2025-10-05 06:44:44,297.0
889,Laboral,Litigios civiles generales.,True,2025-07-24 10:32:22,485.0
890,Laboral,Litigios civiles generales.,True,2025-06-23 18:17:31,85.0
891,Familiar,Litigios civiles generales.,False,2025-12-30 13:56:45,282.0
892,Laboral,Disputas entre miembros de la familia.,True,2025-07-03 12:37:25,757.0
893,Ambiental,Conflictos con entidades administrativas.,False,2026-02-08 09:45:18,242.0
894,Comercial,Conflictos relacionados con el trabajo y empleos.,True,2025-11-14 16:26:24,957.0
895,Ambiental,Disputas entre consumidores y proveedores.,True,2025-10-24 10:53:34,744.0
896,Penal,Conflictos con entidades administrativas.,True,2026-04-10 22:19:14,840.0
897,Laboral,Problemas en transacciones comerciales.,True,2025-09-13 06:05:43,488.0
898,Consumidor,Disputas entre consumidores y proveedores.,False,2025-09-08 10:26:29,892.0
899,Laboral,Litigios civiles generales.,True,2025-09-21 05:52:42,985.0
900,Familiar,Conflictos con entidades administrativas.,False,2025-09-28 22:37:21,879.0
901,Administrativo,Litigios civiles generales.,False,2025-12-23 15:19:21,599.0
902,Ambiental,Asuntos penales y delitos.,False,2025-05-28 23:46:50,533.0
903,Comercial,Conflictos con entidades administrativas.,True,2025-08-01 17:53:02,852.0
904,Laboral,Disputas entre consumidores y proveedores.,False,2026-03-19 02:29:19,457.0
905,Penal,Litigios civiles generales.,True,2025-12-31 12:34:01,635.0
906,Laboral,Asuntos penales y delitos.,True,2025-07-05 22:28:17,981.0
907,Familiar,Problemas en transacciones comerciales.,True,2025-10-27 20:47:05,664.0
908,Familiar,Problemas en transacciones comerciales.,True,2025-12-30 09:06:20,959.0
909,Ambiental,Litigios civiles generales.,False,2025-10-01 19:38:20,789.0
910,Civil,Problemas en transacciones comerciales.,False,2026-04-01 09:46:59,392.0
911,Administrativo,Conflictos relacionados con el trabajo y empleos.,False,2025-12-27 10:24:34,72.0
912,Penal,Disputas entre consumidores y proveedores.,False,2026-02-05 22:04:56,148.0
913,Penal,Disputas entre miembros de la familia.,True,2025-09-23 20:19:56,36.0
914,Familiar,Litigios civiles generales.,True,2025-09-22 17:38:31,153.0
915,Laboral,Disputas entre consumidores y proveedores.,False,2025-12-23 13:51:41,927.0
916,Laboral,Problemas ambientales y ecológicos.,True,2025-09-06 05:10:08,746.0
917,Penal,Conflictos relacionados con el trabajo y empleos.,True,2025-10-23 19:43:13,494.0
918,Administrativo,Conflictos con entidades administrativas.,True,2025-05-24 09:10:59,648.0
919,Administrativo,Conflictos con entidades administrativas.,True,2026-03-28 03:47:13,297.0
920,Comercial,Conflictos relacionados con el trabajo y empleos.,False,2025-10-23 21:23:43,713.0
921,Familiar,Conflictos con entidades administrativas.,True,2025-09-01 15:39:22,449.0
922,Comercial,Conflictos relacionados con el trabajo y empleos.,False,2026-01-30 17:49:25,245.0
923,Consumidor,Disputas entre miembros de la familia.,False,2025-08-04 22:16:31,547.0
924,Laboral,Conflictos relacionados con el trabajo y empleos.,True,2025-11-16 17:14:12,739.0
925,Consumidor,Disputas entre miembros de la familia.,True,2026-01-19 21:53:29,470.0
926,Penal,Disputas entre miembros de la familia.,True,2026-04-19 19:26:31,670.0
927,Ambiental,Conflictos relacionados con el trabajo y empleos.,True,2026-01-03 19:54:54,15.0
928,Laboral,Litigios civiles generales.,True,2026-03-20 03:56:52,856.0
929,Familiar,Disputas entre miembros de la familia.,True,2025-08-26 22:44:23,226.0
930,Penal,Disputas entre consumidores y proveedores.,True,2025-11-16 18:52:37,333.0
931,Comercial,Conflictos con entidades administrativas.,True,2026-01-19 16:58:51,344.0
932,Familiar,Litigios civiles generales.,True,2026-02-25 05:25:18,379.0
933,Ambiental,Asuntos penales y delitos.,False,2025-07-15 17:27:56,811.0
934,Comercial,Conflictos relacionados con el trabajo y empleos.,True,2025-09-01 16:36:02,184.0
935,Civil,Disputas entre consumidores y proveedores.,True,2025-05-18 02:51:54,212.0
936,Civil,Problemas ambientales y ecológicos.,True,2025-10-10 11:24:23,709.0
937,Comercial,Problemas ambientales y ecológicos.,False,2025-06-29 15:55:10,802.0
938,Administrativo,Disputas entre consumidores y proveedores.,True,2026-05-06 01:20:50,121.0
939,Administrativo,Asuntos penales y delitos.,True,2025-09-12 21:53:49,284.0
940,Penal,Disputas entre miembros de la familia.,False,2026-02-20 20:41:04,486.0
941,Comercial,Problemas en transacciones comerciales.,False,2025-05-30 17:32:21,373.0
942,Penal,Disputas entre consumidores y proveedores.,False,2025-12-31 07:56:11,912.0
943,Laboral,Disputas entre miembros de la familia.,True,2026-04-12 01:24:52,805.0
944,Ambiental,Disputas entre miembros de la familia.,False,2026-04-02 10:49:34,607.0
945,Consumidor,Asuntos penales y delitos.,False,2025-05-27 08:21:13,113.0
946,Penal,Disputas entre miembros de la familia.,False,2026-01-06 19:09:07,205.0
947,Penal,Disputas entre miembros de la familia.,False,2025-09-09 00:04:59,912.0
948,Comercial,Asuntos penales y delitos.,True,2025-06-30 04:24:38,383.0
949,Ambiental,Asuntos penales y delitos.,True,2025-06-19 07:18:50,344.0
950,Laboral,Conflictos relacionados con el trabajo y empleos.,False,2025-12-16 14:28:08,477.0
951,Consumidor,Problemas en transacciones comerciales.,True,2025-11-14 10:39:44,619.0
952,Comercial,Asuntos penales y delitos.,True,2026-03-25 04:41:29,501.0
953,Ambiental,Problemas ambientales y ecológicos.,True,2025-12-17 17:49:35,754.0
954,Penal,Conflictos con entidades administrativas.,True,2025-09-28 00:21:05,950.0
955,Laboral,Disputas entre consumidores y proveedores.,True,2026-04-16 17:05:16,788.0
956,Consumidor,Disputas entre consumidores y proveedores.,False,2025-09-04 19:43:56,464.0
957,Penal,Disputas entre miembros de la familia.,True,2025-07-27 17:51:16,417.0
958,Comercial,Conflictos con entidades administrativas.,False,2025-12-08 10:54:57,17.0
959,Civil,Problemas en transacciones comerciales.,True,2025-05-13 03:41:26,766.0
960,Ambiental,Problemas ambientales y ecológicos.,False,2026-02-26 20:10:51,809.0
961,Ambiental,Conflictos relacionados con el trabajo y empleos.,False,2025-06-21 16:11:05,708.0
962,Laboral,Litigios civiles generales.,True,2025-10-02 09:51:23,556.0
963,Familiar,Conflictos con entidades administrativas.,True,2026-04-10 01:37:19,373.0
964,Familiar,Disputas entre consumidores y proveedores.,False,2025-11-02 03:57:00,375.0
965,Comercial,Disputas entre miembros de la familia.,False,2025-07-24 19:46:49,142.0
966,Penal,Disputas entre miembros de la familia.,True,2025-06-10 02:48:14,595.0
967,Penal,Conflictos con entidades administrativas.,False,2025-11-09 10:03:19,434.0
968,Laboral,Disputas entre miembros de la familia.,True,2025-10-30 07:07:31,514.0
969,Ambiental,Litigios civiles generales.,True,2025-09-18 23:12:11,690.0
970,Penal,Problemas ambientales y ecológicos.,False,2026-03-25 16:10:05,184.0
971,Familiar,Disputas entre miembros de la familia.,False,2026-02-13 10:28:18,152.0
972,Comercial,Asuntos penales y delitos.,True,2025-08-14 22:34:44,427.0
973,Ambiental,Conflictos con entidades administrativas.,False,2025-10-05 03:48:21,22.0
974,Penal,Disputas entre miembros de la familia.,False,2026-04-27 10:42:29,661.0
975,Consumidor,Conflictos con entidades administrativas.,False,2025-06-06 21:45:42,498.0
976,Ambiental,Litigios civiles generales.,True,2025-07-22 13:38:12,314.0
977,Civil,Asuntos penales y delitos.,True,2025-09-03 07:17:13,866.0
978,Comercial,Conflictos con entidades administrativas.,True,2025-12-14 04:25:23,947.0
979,Civil,Problemas en transacciones comerciales.,True,2026-02-07 19:51:05,683.0
980,Comercial,Asuntos penales y delitos.,False,2026-03-10 17:15:26,130.0
981,Civil,Conflictos con entidades administrativas.,False,2026-02-03 12:00:17,36.0
982,Administrativo,Problemas en transacciones comerciales.,False,2025-10-30 04:01:52,547.0
983,Familiar,Conflictos relacionados con el trabajo y empleos.,False,2025-10-13 02:46:53,971.0
984,Administrativo,Problemas en transacciones comerciales.,False,2026-05-05 19:01:30,340.0
985,Ambiental,Litigios civiles generales.,False,2025-07-18 21:26:11,579.0
986,Administrativo,Disputas entre miembros de la familia.,True,2025-09-05 17:27:19,565.0
987,Civil,Conflictos relacionados con el trabajo y empleos.,False,2025-10-14 22:42:48,457.0
988,Familiar,Conflictos con entidades administrativas.,True,2026-04-09 22:54:50,598.0
989,Civil,Asuntos penales y delitos.,True,2026-04-27 16:01:08,457.0
990,Consumidor,Asuntos penales y delitos.,True,2025-08-30 07:57:24,524.0
991,Administrativo,Disputas entre consumidores y proveedores.,False,2026-02-21 19:41:35,379.0
992,Administrativo,Conflictos relacionados con el trabajo y empleos.,True,2025-12-14 07:13:43,457.0
993,Penal,Problemas ambientales y ecológicos.,False,2025-10-08 04:17:52,826.0
994,Consumidor,Problemas en transacciones comerciales.,False,2025-07-11 23:30:53,213.0
995,Ambiental,Conflictos con entidades administrativas.,True,2026-04-04 23:47:38,91.0
996,Consumidor,Litigios civiles generales.,True,2025-10-08 13:00:33,728.0
997,Penal,Problemas en transacciones comerciales.,False,2025-10-25 09:00:31,44.0
998,Civil,Problemas ambientales y ecológicos.,True,2025-07-25 19:06:48,28.0
999,Comercial,Litigios civiles generales.,True,2025-12-05 21:42:22,484.0
1000,Civil,Disputas entre consumidores y proveedores.,True,2026-02-06 02:37:18,661.0
